{
  "h1n1_vaccine": {
    "accuracy": 0.8511793335829277,
    "precision": 0.7058111380145279,
    "recall": 0.5136563876651983,
    "f1": 0.5945945945945946,
    "roc_auc": 0.8608825860821432
  },
  "seasonal_vaccine": {
    "accuracy": 0.7907150879820292,
    "precision": 0.7844967532467533,
    "recall": 0.7670634920634921,
    "f1": 0.7756821829855538,
    "roc_auc": 0.863401364561889
  }
}