{
  "accuracy": 0.8511793335829277,
  "precision": 0.7058111380145279,
  "recall": 0.5136563876651983,
  "f1": 0.5945945945945946,
  "roc_auc": 0.8608825860821432
}