{
  "accuracy": 0.7907150879820292,
  "precision": 0.7844967532467533,
  "recall": 0.7670634920634921,
  "f1": 0.7756821829855538,
  "roc_auc": 0.863401364561889
}