{
  "accuracy": 0.793710220891052,
  "precision": 0.7809246147438568,
  "recall": 0.7649938800489596,
  "f1": 0.7728771640560593,
  "roc_auc": 0.8657347801058477,
  "cv_f1_score": 0.7689648708179688
}