{
  "accuracy": 0.8260950954698615,
  "precision": 0.5727733526430123,
  "recall": 0.7,
  "f1": 0.6300278773397053,
  "roc_auc": 0.8650347931321382,
  "cv_f1_score": 0.6306777407900936
}